--c. Create query using DML syntax to fill the tables in database systems with data based on the following conditions:
--•	Master table must be filled with more than or equals 15 data.
--•	Transaction table must be filled with more than or equals 15 data.
--•	Transaction detail table must be filled with more than or equals 25 data.

USE Bluejack_Factory

INSERT INTO Customer VALUES
('CS001'	,'Roger'				,'084739729648'		,'Orange street'			,'Male'		,'rog12@gmail.com'			,'1970-05-01'),
('CS002'	,'Ali'					,'089527483650'		,'Kimaudin street'			,'Male'		,'al902@rocketmail.com'		,'1990-09-02'),
('CS003'	,'Budi Setya'			,'082710293847'		,'Kolongan street'			,'Male'		,'budidihati@yahoo.com'		,'1999-05-29'),
('CS004'	,'Guy'					,'096394130564'		,'Where street'				,'Male'		,'noone99@yahoo.com'		,'2000-12-30'),
('CS005'	,'Kuy'					,'043829561964'		,'Knowhere street'			,'Male'		,'haii99@gmail.com'			,'1980-07-06'),
('CS006'	,'Alok Span'			,'064528462847'		,'Furukai street'			,'Male'		,'aloks98@gmail.com'		,'1999-02-05'),
('CS007'	,'Ungke Utu'			,'082648361945'		,'Hime hime street'			,'Male'		,'ungkeu76@yahoo.com'		,'1986-03-20'),
('CS008'	,'Mince'				,'082749364857'		,'Ragunan street'			,'Female'	,'mince_87@yahoo.com'		,'1964-10-22'),
('CS009'	,'Sunce'				,'012345678909'		,'Jaksa dinting street'		,'Female'	,'sunce_urung@yahoo.com'	,'1996-04-12'),
('CS010'	,'Albert Persie'		,'089876543219'		,'Nirvana mandala street'	,'Male'		,'avp19@yahoo.com'			,'1989-04-02'),
('CS011'	,'Dunn'					,'061231237127'		,'Brown line street'		,'Male'		,'dunn_my89@yahoo.com'		,'1945-05-22'),
('CS012'	,'Kiwi'					,'053821743546'		,'Our complex street'		,'Female'	,'fre_ya@gmail.com'			,'1978-10-11'),
('CS013'	,'Kirk Tiberius'		,'082174882641'		,'Panther street'			,'Male'		,'capt_kirk@gmail.com'		,'1992-12-12'),
('CS014'	,'Kiri Haruna Nami'		,'091276543214'		,'Hummel street'			,'Female'	,'type_heavy@gmail.com'		,'1999-02-19'),
('CS015'	,'Sawamura Spencer Eri'	,'087285463829'		,'Lime cucumber street'		,'Female'	,'eriri_kawaii@yahoo.com'	,'1997-05-13'),
('CS016'	,'Nona Norina'			,'082309120381'		,'Loosy Nome street'		,'Female'	,'nona_ss@yahoo.com'		,'1988-10-23'),
('CS017'	,'Robert Dowsy'			,'082112993004'		,'Mobo Rope street'			,'Male'		,'robertools@gmail.com'		,'1979-10-30'),
('CS018'	,'Sina Alonita'			,'082021994066'		,'Alloha Noll street'		,'Female'	,'alosi@gmail.com'			,'1990-10-10'),
('CS019'	,'Roberto Carlos'		,'089098986524'		,'Batusangkar street'		,'Male'		,'carlosRobert@yahoo.com'	,'1976-12-22'),
('CS020'	,'Valentino Marquez'	,'085610293847'		,'Misano street'			,'Male'		,'vr93gp@gmail.com'			,'1988-10-23')

INSERT INTO Distributor VALUES
('DS001'	,'Budi Pambudi Setya'		,'098765432123'		,'Kulon street'		,'budi.pambudi@gmail.com'),
('DS002'	,'Friska Stella'			,'012345678909'		,'Suara street'		,'friks21@gmail.com'),
('DS003'	,'Nugroho Adi'				,'019283746546'		,'Mangrove street'	,'adi_nug98@gmail.com'),
('DS004'	,'Tada Banri'				,'056473829103'		,'Apple street'		,'tada-kun74@yahoo.com'),
('DS005'	,'Kaga Kouko'				,'029183746593'		,'Durian street'	,'kokocwan@yahoo.com'),
('DS006'	,'Nana Senpai'				,'082119458278'		,'Travis street'	,'nachan@gmail.com'),
('DS007'	,'Risa Gregomori'			,'091527483759'		,'Wilheim'			,'risa.g@gmail.com'),
('DS008'	,'Hanna Annisa'				,'021742132174'		,'Xaxa street'		,'hanna_ui@yahoo.com'),
('DS009'	,'Chitoge Kirishima Ajeng'	,'062351623412'		,'Kyapaso street'	,'chitog_kira@gmail.com'),
('DS010'	,'Luna Cindy'				,'064286917538'		,'Kumabal street'	,'lcin@gmail.com'),
('DS011'	,'Kasumigaoka Utaha'		,'072394571238'		,'Nganape street'	,'utako@gmail.com'),
('DS012'	,'Megimu Putri'				,'082134658723'		,'Ngakira street'	,'kto99@gmail.com'),
('DS013'	,'Linda Bunga'				,'085283753920'		,'Nagaswara street'	,'lindasan@gmail.com'),
('DS014'	,'Harimurti Riki '			,'091746384759'		,'Mungkin street'	,'rikikun@gmail.com'),
('DS015'	,'Global Mulya Supply'		,'072384658364'		,'Bedhoven street'	,'global_mulya@rocketmail.com')

INSERT INTO Staff VALUES
('SF001'	,'Kevin Ley'			,'kevinley2@gmail.com'		,'082188987786'		,'jalanan street no.12'		,'1999-04-13'	,'Male'),
('SF002'	,'Amel'					,'amellin@gmail.com'		,'081387652890'		,'bantel street no.14'		,'1999-09-02'	,'Female'),
('SF003'	,'Grace'				,'graciainfri@gmail.com'	,'081289878898'		,'kebon street no.12'		,'1995-09-27'	,'Female'),
('SF004'	,'Indah Surya'			,'suryaindah@gmail.com'		,'087762718942'		,'jeruk street no.15'		,'1998-06-21'	,'Female'),
('SF005'	,'Jessica Pangestu'		,'pangestujess@gmail.com'	,'082188983286'		,'salaman street no.13'		,'1988-04-18'	,'Female'),
('SF006'	,'Aguero Ahmad'			,'ahmadague@gmail.com'		,'082188909886'		,'kemanggisan street no.21'	,'1996-08-17'	,'Male'),
('SF007'	,'Sergio Mudi'			,'mudisergio@gmail.com'		,'082189871786'		,'anggrek street no.23'		,'1995-01-28'	,'Male'),
('SF008'	,'David Silva'			,'silvala@gmail.com'		,'082189989786'		,'biak street no.2'			,'1990-02-27'	,'Male'),
('SF009'	,'Drossel Lini'			,'sellini@gmail.com'		,'082098187786'		,'kancil street no.3'		,'1999-09-12'	,'Male'),
('SF010'	,'Ronaldo Messi'		,'domessi@gmail.com'		,'081223987786'		,'besi street no.4'			,'1989-09-14'	,'Male'),
('SF011'	,'Moba Nalok '			,'kokanalog@gmail.com'		,'082231287786'		,'jemabtan 2 street no.6'	,'1991-12-12'	,'Male'),
('SF012'	,'Natalia'				,'natalialie@gmail.com'		,'082181231786'		,'tambora street no.12'		,'1993-11-11'	,'Female'),
('SF013'	,'Stefani Bekmehen'		,'stefmehen@gmail.com'		,'082188485286'		,'grogol street no.9'		,'1997-02-13'	,'Female'),
('SF014'	,'Paigehe Elisabeth'	,'elisabeth@gmail.com'		,'082180909786'		,'tanjung duren street no.4','1998-05-12'	,'Female'),
('SF015'	,'Lucinta Luna'			,'lunacinta@gmail.com'		,'082187772786'		,'selatan duri street no.32','1990-01-01'	,'Female')

INSERT INTO Material VALUES
('MT001'	,'Plastic'	,'20000'),
('MT002'	,'Alumunium','25000'),
('MT003'	,'Steel'	,'35000'),
('MT004'	,'Silk'		,'50000'),
('MT005'	,'Birch'	,'100000'),
('MT006'	,'Nyilon'	,'75000'),
('MT007'	,'Wood'		,'90000'),
('MT008'	,'Iron'		,'45000'),
('MT009'	,'Nickle'	,'125000'),
('MT010'	,'Vinyl'	,'65000'),
('MT011'	,'Rubber'	,'80000'),
('MT012'	,'Spruce'	,'250000'),
('MT013'	,'Glass'	,'200000'),
('MT014'	,'Leather'	,'134000'),
('MT015'	,'Cotton'	,'34500') 

INSERT INTO Product VALUES
('PR001'	,'Spoon'	,'MT001'	,'22000'),
('PR002'	,'Paper'	,'MT007'	,'70000'),
('PR003'	,'Fork'		,'MT004'	,'60000'),
('PR004'	,'Plate'	,'MT013'	,'220000'),
('PR005'	,'Brush'	,'MT010'	,'70000'),
('PR006'	,'Lamp'		,'MT008'	,'48000'),
('PR007'	,'Chair'	,'MT002'	,'45000'),
('PR008'	,'Desk'		,'MT012'	,'310000'),
('PR009'	,'Broom'	,'MT006'	,'80000'),
('PR010'	,'Rack'		,'MT005'	,'200000'),
('PR011'	,'Mop'		,'MT004'	,'55000'),
('PR012'	,'Cup'		,'MT009'	,'250000'),
('PR013'	,'Cupboard'	,'MT003'	,'44000'),
('PR014'	,'Pillow'	,'MT014'	,'150000'),
('PR015'	,'Cloth'	,'MT015'	,'50000')

INSERT INTO PurchaseTransaction VALUES
('PT001'	,'SF001'	,'DS001'	,'2016-02-09'),
('PT002'	,'SF002'	,'DS002'	,'2016-02-19'),
('PT003'	,'SF003'	,'DS003'	,'2016-02-27'),
('PT004'	,'SF004'	,'DS004'	,'2016-03-13'),
('PT005'	,'SF005'	,'DS005'	,'2016-04-12'),
('PT006'	,'SF006'	,'DS006'	,'2016-05-05'),
('PT007'	,'SF007'	,'DS007'	,'2016-05-21'),
('PT008'	,'SF008'	,'DS008'	,'2016-06-04'),
('PT009'	,'SF009'	,'DS009'	,'2016-06-15'),
('PT010'	,'SF010'	,'DS010'	,'2016-06-22'),
('PT011'	,'SF011'	,'DS011'	,'2016-07-20'),
('PT012'	,'SF012'	,'DS012'	,'2016-08-03'),
('PT013'	,'SF013'	,'DS013'	,'2018-08-19'),
('PT014'	,'SF014'	,'DS014'	,'2016-09-11'),
('PT015'	,'SF015'	,'DS015'	,'2016-09-17'),
('PT016'	,'SF012'	,'DS001'	,'2016-06-27'),
('PT017'	,'SF010'	,'DS002'	,'2016-09-25'),
('PT018'	,'SF009'	,'DS002'	,'2016-10-11')

INSERT INTO DetailPurchaseTransaction VALUES
('PT001'	, 'MT001', 120),
('PT002'	, 'MT002', 200),
('PT003'	, 'MT003', 250),
('PT004'	, 'MT004', 120),
('PT005'	, 'MT005', 110),
('PT006'	, 'MT006', 130),
('PT007'	, 'MT007', 155),
('PT008'	, 'MT008', 180),
('PT009'	, 'MT009', 130),
('PT010'	, 'MT010', 140),
('PT011'	, 'MT011', 145),
('PT012'	, 'MT012', 165),
('PT013'	, 'MT013', 190),
('PT014'	, 'MT014', 195),
('PT015'	, 'MT015', 210),
('PT001'	, 'MT002', 215),
('PT002'	, 'MT003', 145),
('PT003'	, 'MT004', 135),
('PT004'	, 'MT005', 125),
('PT005'	, 'MT006', 175),
('PT006'	, 'MT007', 180),
('PT007'	, 'MT008', 170),
('PT008'	, 'MT009', 160),
('PT009'	, 'MT010', 165),
('PT010'	, 'MT011', 120),
('PT011'	, 'MT003', 7),
('PT012'	, 'MT015', 5),
('PT016'	, 'MT005', 29),
('PT017'	, 'MT010', 18),
('PT018'	, 'MT011', 10)

INSERT INTO SalesTransaction VALUES
('ST001'	,'SF015','CS001','2018-01-07'),
('ST002'	,'SF014','CS002','2018-01-13'),
('ST003'	,'SF013','CS003','2018-01-15'),
('ST004'	,'SF012','CS004','2018-02-10'),
('ST005'	,'SF011','CS005','2018-02-19'),
('ST006'	,'SF010','CS006','2018-02-23'),
('ST007'	,'SF009','CS007','2018-02-28'),
('ST008'	,'SF008','CS008','2018-02-25'),
('ST009'	,'SF007','CS009','2018-03-20'),
('ST010'	,'SF006','CS010','2018-03-29'),
('ST011'	,'SF005','CS011','2018-04-20'),
('ST012'	,'SF004','CS012','2018-04-18'),
('ST013'	,'SF003','CS013','2018-05-01'),
('ST014'	,'SF002','CS014','2018-05-07'),
('ST015'	,'SF001','CS015','2018-05-09'),
('ST016'	,'SF003','CS019','2008-03-22'),
('ST017'	,'SF002','CS020','2008-04-19'),
('ST018'	,'SF001','CS016','2009-07-12'),
('ST019'	,'SF004','CS017','2011-01-21'),
('ST020'	,'SF006','CS018','2014-08-25'),
('ST021'	,'SF004','CS016','2010-06-28'),
('ST022'	,'SF003','CS010','2010-06-11')

INSERT INTO DetailSalesTransaction VALUES
('PR015', 'ST001'	, 25),
('PR014', 'ST002'	, 15),
('PR013', 'ST003'	, 35),
('PR012', 'ST004'	, 45),
('PR011', 'ST005'	, 55),
('PR010', 'ST006'	, 65),
('PR009', 'ST007'	, 75),
('PR008', 'ST008'	, 85),
('PR007', 'ST009'	, 95),
('PR006', 'ST010'	, 20),
('PR005', 'ST011'	, 40),
('PR004', 'ST012'	, 55),
('PR003', 'ST013'	, 70),
('PR002', 'ST014'	, 10),
('PR001', 'ST015'	, 30),
('PR010', 'ST005'	, 50),
('PR009', 'ST006'	, 60),
('PR008', 'ST007'	, 25),
('PR007', 'ST008'	, 23),
('PR006', 'ST009'	, 15),
('PR005', 'ST010'	, 19),
('PR004', 'ST011'	, 43),
('PR003', 'ST012'	, 50),
('PR002', 'ST013'	, 75),
('PR001', 'ST014'	, 30),
('PR002', 'ST010'	, 22),
('PR009', 'ST015'	, 40),
('PR008', 'ST016'	, 35),
('PR007', 'ST017'	, 55),
('PR006', 'ST018'	, 38),
('PR005', 'ST019'	, 40),
('PR004', 'ST020'	, 49),
('PR003', 'ST021'	, 22),
('PR002', 'ST022'	, 21)

SP_MSFOREACHTABLE 'SELECT * FROM ?'